start_date,Media pun.,Qualità media,Durata media,Esigenza media di sonno,Media ora di andare a dormire,Media tempo di veglia
2025-09-25,64,Discreto,6h 13min,8h 18min,9:46 PM,4:42 AM
2025-09-18,60,Discreto,4h 48min,8h 47min,10:47 PM,3:49 AM
2025-09-11,64,Discreto,6h 0min,8h 54min,9:14 PM,3:58 AM
2025-09-4,58,Scarso,4h 55min,8h 39min,10:44 PM,4:10 AM
2025-08-28,62,Discreto,5h 51min,8h 50min,9:09 PM,3:47 AM
2025-08-21,57,Scarso,5h 27min,8h 43min,10:29 PM,4:53 AM
2025-08-14,63,Discreto,5h 46min,8h 53min,10:00 PM,4:31 AM
2025-08-7,56,Scarso,5h 21min,8h 33min,11:19 PM,5:02 AM
2025-07-31,61,Discreto,5h 8min,8h 45min,12:16 AM,5:54 AM
2025-07-24,67,Discreto,6h 7min,8h 22min,12:18 AM,7:04 AM
2025-07-17,64,Discreto,5h 49min,8h 37min,12:45 AM,7:17 AM
2025-07-10,63,Discreto,5h 51min,8h 20min,12:32 AM,7:10 AM
2025-07-3,72,Discreto,6h 30min,8h 23min,11:21 PM,6:29 AM
2025-06-26,63,Discreto,5h 48min,8h 40min,12:58 AM,7:02 AM
2025-06-19,64,Discreto,5h 50min,8h 33min,11:58 PM,6:22 AM
2025-06-12,68,Discreto,6h 34min,8h 12min,11:00 PM,6:19 AM
2025-06-5,60,Discreto,5h 35min,8h 39min,11:44 PM,5:38 AM
2025-05-29,64,Discreto,6h 19min,8h 14min,10:35 PM,5:04 AM
2025-05-22,79,Discreto,7h 58min,7h 55min,10:47 PM,7:29 AM
2025-05-15,52,Scarso,5h 42min,8h 31min,10:58 PM,5:49 AM
2025-05-8,71,Discreto,6h 38min,8h 33min,10:07 PM,5:21 AM
2025-05-1,66,Discreto,6h 14min,8h 26min,9:45 PM,4:35 AM
2025-04-24,--,--,--,--,--,--
2025-04-17,66,Discreto,5h 41min,8h 0min,10:45 PM,4:46 AM
2025-04-10,64,Discreto,6h 17min,8h 57min,10:37 PM,5:26 AM
2025-04-3,59,Scarso,5h 26min,8h 46min,11:10 PM,4:50 AM
2025-03-27,56,Scarso,5h 16min,8h 42min,10:39 PM,4:14 AM
2025-03-20,65,Discreto,5h 46min,8h 40min,10:49 PM,4:56 AM
2025-03-13,64,Discreto,5h 30min,8h 33min,11:43 PM,5:34 AM
2025-03-6,70,Discreto,6h 38min,8h 20min,10:02 PM,5:05 AM
2025-02-27,69,Discreto,5h 39min,8h 10min,10:25 PM,4:39 AM
2025-02-20,76,Discreto,5h 50min,7h 0min,12:10 AM,6:26 AM
2025-02-13,61,Discreto,5h 54min,8h 0min,11:05 PM,5:39 AM
2025-02-6,78,Discreto,7h 46min,8h 14min,9:45 PM,6:03 AM
2025-01-30,64,Discreto,6h 53min,8h 29min,9:20 PM,4:48 AM
2025-01-23,72,Discreto,7h 22min,8h 8min,9:25 PM,5:25 AM
2025-01-16,56,Scarso,6h 31min,8h 18min,10:32 PM,5:53 AM
2025-01-9,67,Discreto,5h 49min,8h 40min,9:30 PM,3:55 AM
2025-01-2,60,Discreto,5h 5min,8h 43min,9:10 PM,2:48 AM
2024-12-26,52,Scarso,9h 59min,8h 0min,9:13 PM,8:17 AM
2024-12-19,67,Discreto,6h 36min,8h 8min,1:53 AM,9:01 AM
2024-12-12,70,Discreto,6h 43min,8h 30min,10:06 PM,5:08 AM
2024-12-5,64,Discreto,6h 53min,8h 6min,10:09 PM,5:42 AM
2024-11-28,65,Discreto,6h 6min,8h 41min,9:53 PM,4:36 AM
2024-11-21,64,Discreto,5h 10min,8h 22min,11:11 PM,4:44 AM
2024-11-14,64,Discreto,5h 22min,8h 46min,10:34 PM,4:24 AM
2024-11-7,68,Discreto,6h 2min,8h 20min,11:47 PM,6:05 AM
2024-10-31,70,Discreto,6h 36min,8h 19min,10:46 PM,5:45 AM
2024-10-24,69,Discreto,7h 13min,8h 15min,10:13 PM,5:54 AM
2024-10-17,70,Discreto,7h 4min,8h 45min,9:54 PM,5:29 AM
2024-10-10,63,Discreto,6h 21min,8h 44min,10:03 PM,4:45 AM
2024-10-3,66,Discreto,6h 38min,8h 34min,9:14 PM,4:32 AM
